{"cameraMode":{"drawMode":0,"name":"Shaded","section":"Shading Mode"},"sceneLighting":false,"audioPlay":false,"sceneViewState":{"showFog":true,"showMaterialUpdate":false,"showSkybox":true,"showFlares":true,"showImageEffects":true,"showParticleSystems":true},"in2DMode":false,"pivot":{"x":-4.39292049407959,"y":-2.5872020721435549,"z":8.961492538452149},"rotation":{"x":0.046792447566986087,"y":0.004490810912102461,"z":-0.00020126884919591248,"w":0.9989036917686462},"size":15.086448669433594,"orthographic":false}